Date,Latitude,Longitude
12/09/2022 18:58:33,43.967455,-81.511487
12/09/2022 18:58:36,43.967454,-81.511486
12/09/2022 18:58:39,43.967454,-81.511486
12/09/2022 18:58:42,43.967454,-81.511486
12/09/2022 18:58:45,43.967454,-81.511486
12/09/2022 18:58:48,43.967454,-81.511486
12/09/2022 18:58:51,43.967454,-81.511486
12/09/2022 18:58:54,43.967454,-81.511486
12/09/2022 18:58:57,43.967454,-81.511486
12/09/2022 18:59:00,43.967454,-81.511486
12/09/2022 18:59:03,43.967453,-81.511486
12/09/2022 18:59:06,43.967453,-81.511486
12/09/2022 18:59:09,43.967453,-81.511486
12/09/2022 18:59:12,43.967453,-81.511485
12/09/2022 18:59:15,43.967453,-81.511485
12/09/2022 18:59:18,43.967453,-81.511485
12/09/2022 18:59:21,43.967453,-81.511485
12/09/2022 18:59:24,43.967453,-81.511485
12/09/2022 18:59:27,43.967453,-81.511485
12/09/2022 18:59:30,43.967453,-81.511485
12/09/2022 18:59:33,43.967452,-81.511485
12/09/2022 18:59:36,43.967452,-81.511485
12/09/2022 18:59:39,43.967452,-81.511485
12/09/2022 18:59:42,43.967452,-81.511485
12/09/2022 18:59:45,43.967451,-81.511485
12/09/2022 18:59:48,43.967451,-81.511485
12/09/2022 18:59:51,43.967451,-81.511485
12/09/2022 18:59:54,43.967451,-81.511485
12/09/2022 18:59:57,43.967451,-81.511485
12/09/2022 19:00:00,43.967451,-81.511485
12/09/2022 19:00:03,43.967451,-81.511485
12/09/2022 19:00:06,43.967451,-81.511485
12/09/2022 19:00:09,43.96745,-81.511485
12/09/2022 19:00:12,43.96745,-81.511485
12/09/2022 19:00:16,43.96745,-81.511485
12/09/2022 19:00:18,43.96745,-81.511485
12/09/2022 19:00:21,43.96745,-81.511485
12/09/2022 19:00:24,43.96745,-81.511485
12/09/2022 19:00:27,43.96745,-81.511485
12/09/2022 19:00:30,43.96745,-81.511486
12/09/2022 19:00:34,43.96745,-81.511486
12/09/2022 19:00:37,43.967449,-81.511486
12/09/2022 19:00:40,43.967453,-81.511483
12/09/2022 19:00:43,43.967456,-81.511481
12/09/2022 19:00:46,43.967457,-81.51148
12/09/2022 19:00:49,43.967458,-81.511479
12/09/2022 19:00:52,43.967458,-81.511479
12/09/2022 19:00:55,43.967458,-81.51148
12/09/2022 19:00:58,43.967458,-81.51148
12/09/2022 19:01:01,43.967458,-81.51148
12/09/2022 19:01:04,43.967458,-81.51148
12/09/2022 19:01:07,43.967458,-81.51148
12/09/2022 19:01:10,43.967458,-81.51148
12/09/2022 19:01:13,43.967457,-81.51148
12/09/2022 19:01:16,43.967457,-81.51148
12/09/2022 19:01:19,43.967457,-81.51148
12/09/2022 19:01:22,43.967457,-81.51148
12/09/2022 19:01:25,43.967457,-81.511481
12/09/2022 19:01:28,43.967457,-81.51148
12/09/2022 19:01:31,43.967456,-81.51148
12/09/2022 19:02:29,43.963949,-81.515088
12/09/2022 19:02:32,43.963537,-81.51541
12/09/2022 19:02:35,43.963131,-81.515714
12/09/2022 19:02:38,43.962782,-81.515982
12/09/2022 19:02:41,43.962447,-81.516217
12/09/2022 19:02:44,43.962139,-81.516457
12/09/2022 19:02:29,43.963949,-81.515088
12/09/2022 19:02:32,43.963537,-81.51541
12/09/2022 19:02:35,43.963131,-81.515714
12/09/2022 19:02:38,43.962782,-81.515982
12/09/2022 19:02:41,43.962447,-81.516217
12/09/2022 19:02:44,43.962139,-81.516457
12/09/2022 19:03:41,43.96181,-81.517794
12/09/2022 19:03:44,43.96181,-81.517793
12/09/2022 19:03:47,43.96181,-81.517792
12/09/2022 19:03:50,43.96181,-81.517792
12/09/2022 19:03:53,43.96181,-81.517792
12/09/2022 19:03:56,43.96181,-81.517792
12/09/2022 19:03:41,43.96181,-81.517794
12/09/2022 19:03:44,43.96181,-81.517793
12/09/2022 19:03:47,43.96181,-81.517792
12/09/2022 19:03:50,43.96181,-81.517792
12/09/2022 19:03:53,43.96181,-81.517792
12/09/2022 19:03:56,43.96181,-81.517792
12/09/2022 19:03:41,43.96181,-81.517794
12/09/2022 19:03:44,43.96181,-81.517793
12/09/2022 19:03:47,43.96181,-81.517792
12/09/2022 19:03:50,43.96181,-81.517792
12/09/2022 19:03:53,43.96181,-81.517792
12/09/2022 19:03:56,43.96181,-81.517792
12/09/2022 19:03:41,43.96181,-81.517794
12/09/2022 19:03:44,43.96181,-81.517793
12/09/2022 19:03:47,43.96181,-81.517792
12/09/2022 19:03:50,43.96181,-81.517792
12/09/2022 19:03:53,43.96181,-81.517792
12/09/2022 19:03:56,43.96181,-81.517792
12/09/2022 19:09:33,43.96182,-81.517796
12/09/2022 19:09:36,43.96182,-81.517795
12/09/2022 19:09:39,43.96182,-81.517795
12/09/2022 19:09:42,43.96182,-81.517795
12/09/2022 19:09:45,43.961804,-81.517822
12/09/2022 19:09:48,43.961806,-81.517877
12/09/2022 19:09:51,43.961852,-81.517902
12/09/2022 19:09:54,43.961908,-81.517889
12/09/2022 19:09:57,43.961919,-81.517877
12/09/2022 19:10:00,43.96191,-81.517875
12/09/2022 19:10:03,43.961911,-81.517887
12/09/2022 19:10:06,43.96191,-81.517893
12/09/2022 19:10:09,43.96191,-81.517895
12/09/2022 19:10:12,43.961937,-81.517888
12/09/2022 19:10:15,43.962087,-81.51805
12/09/2022 19:10:18,43.962223,-81.518402
12/09/2022 19:10:21,43.962392,-81.518825
12/09/2022 19:10:25,43.962602,-81.519329
12/09/2022 19:10:28,43.962798,-81.519852
12/09/2022 19:10:31,43.962999,-81.520368
12/09/2022 19:10:34,43.963212,-81.520887
12/09/2022 19:10:37,43.963438,-81.521443
12/09/2022 19:10:40,43.96369,-81.522039
12/09/2022 19:10:43,43.963952,-81.522685
12/09/2022 19:10:46,43.964228,-81.523363
12/09/2022 19:10:49,43.964511,-81.52408
12/09/2022 19:10:52,43.964812,-81.524819
12/09/2022 19:10:55,43.965105,-81.525559
12/09/2022 19:10:58,43.965397,-81.526295
12/09/2022 19:11:01,43.965685,-81.527044
12/09/2022 19:11:04,43.965981,-81.527779
12/09/2022 19:11:07,43.966288,-81.52853
12/09/2022 19:11:10,43.96659,-81.529266
12/09/2022 19:11:13,43.966876,-81.530014
12/09/2022 19:11:16,43.967176,-81.530751
12/09/2022 19:11:19,43.967479,-81.531489
12/09/2022 19:11:22,43.967881,-81.532493
12/09/2022 19:11:25,43.968191,-81.533284
12/09/2022 19:11:28,43.968504,-81.534103
12/09/2022 19:11:31,43.968839,-81.534929
12/09/2022 19:11:34,43.96919,-81.535765
12/09/2022 19:11:37,43.969536,-81.536608
12/09/2022 19:11:40,43.969878,-81.53745
12/09/2022 19:11:43,43.970218,-81.53829
12/09/2022 19:11:46,43.97055,-81.539131
12/09/2022 19:11:49,43.97089,-81.539975
12/09/2022 19:11:52,43.971237,-81.540817
12/09/2022 19:11:55,43.971595,-81.541664
12/09/2022 19:11:58,43.971942,-81.54251
12/09/2022 19:12:01,43.97229,-81.543363
12/09/2022 19:12:04,43.972616,-81.544193
12/09/2022 19:12:07,43.972949,-81.544986
12/09/2022 19:12:10,43.973287,-81.545793
12/09/2022 19:12:13,43.973622,-81.54662
12/09/2022 19:12:16,43.973964,-81.547456
12/09/2022 19:12:19,43.974308,-81.54828
12/09/2022 19:12:23,43.97465,-81.549107
12/09/2022 19:12:26,43.974992,-81.549933
12/09/2022 19:12:29,43.975331,-81.550767
12/09/2022 19:12:32,43.975677,-81.551601
12/09/2022 19:12:35,43.976017,-81.552443
12/09/2022 19:12:38,43.976353,-81.553259
12/09/2022 19:12:41,43.976686,-81.554065
12/09/2022 19:12:44,43.977026,-81.55488
12/09/2022 19:12:47,43.977354,-81.555694
12/09/2022 19:12:50,43.977678,-81.556503
12/09/2022 19:12:53,43.977997,-81.557303
12/09/2022 19:12:56,43.978324,-81.558106
12/09/2022 19:12:59,43.978645,-81.5589
12/09/2022 19:13:02,43.978974,-81.559696
12/09/2022 19:13:05,43.979301,-81.560495
12/09/2022 19:13:08,43.979628,-81.56129
12/09/2022 19:16:43,43.998679,-81.608284
12/09/2022 19:16:46,43.998942,-81.608925
12/09/2022 19:16:49,43.999239,-81.609626
12/09/2022 19:16:52,43.99951,-81.610336
12/09/2022 19:16:55,43.999827,-81.611094
12/09/2022 19:16:59,44.000153,-81.611886
12/09/2022 19:17:02,44.000486,-81.612688
12/09/2022 19:17:05,44.000811,-81.613498
12/09/2022 19:17:07,44.00117,-81.614326
12/09/2022 19:17:10,44.001498,-81.615177
12/09/2022 19:17:13,44.00182,-81.616002
12/09/2022 19:17:16,44.002171,-81.616832
12/09/2022 19:17:19,44.002517,-81.617652
12/09/2022 19:17:22,44.002849,-81.618478
12/09/2022 19:17:25,44.003172,-81.619307
12/09/2022 19:17:28,44.003526,-81.620149
12/09/2022 19:17:31,44.003874,-81.620994
12/09/2022 19:17:34,44.004229,-81.621859
12/09/2022 19:17:37,44.004575,-81.622711
12/09/2022 19:17:40,44.00493,-81.62355
12/09/2022 19:17:43,44.005265,-81.624379
12/09/2022 19:17:46,44.005578,-81.625167
12/09/2022 19:17:49,44.00588,-81.625901
12/09/2022 19:17:52,44.006128,-81.626552
12/09/2022 19:17:55,44.00636,-81.627087
12/09/2022 19:17:58,44.006519,-81.627468
12/09/2022 19:18:01,44.006694,-81.627658
12/09/2022 19:18:04,44.006862,-81.627582
12/09/2022 19:18:07,44.006925,-81.627506
12/09/2022 19:18:10,44.00693,-81.627498
12/09/2022 19:18:13,44.006931,-81.627495
12/09/2022 19:18:16,44.006929,-81.62749
12/09/2022 19:18:19,44.006928,-81.627488
12/09/2022 19:18:22,44.006929,-81.627488
12/09/2022 19:18:25,44.006962,-81.627463
12/09/2022 19:18:28,44.007101,-81.627388
12/09/2022 19:18:31,44.007334,-81.627203
12/09/2022 19:18:35,44.007543,-81.627049
12/09/2022 19:18:38,44.007973,-81.626713
12/09/2022 19:18:41,44.008167,-81.626542
12/09/2022 19:18:44,44.008258,-81.626461
12/09/2022 19:18:47,44.00827,-81.626452
12/09/2022 19:18:50,44.008269,-81.626449
12/09/2022 19:18:53,44.008278,-81.626434
12/09/2022 19:18:56,44.00835,-81.6264
12/09/2022 19:18:59,44.008518,-81.626288
12/09/2022 19:19:02,44.008804,-81.626071
12/09/2022 19:19:05,44.009173,-81.625783
12/09/2022 19:19:08,44.009601,-81.625459
12/09/2022 19:19:11,44.010081,-81.625089
12/09/2022 19:19:14,44.010603,-81.624686
12/09/2022 19:19:17,44.011156,-81.624272
12/09/2022 19:19:20,44.011725,-81.623846
12/09/2022 19:19:23,44.01229,-81.623406
12/09/2022 19:19:26,44.012865,-81.622971
12/09/2022 19:19:29,44.013454,-81.622533
12/09/2022 19:19:32,44.014056,-81.622074
12/09/2022 19:19:35,44.014653,-81.621594
12/09/2022 19:19:38,44.015247,-81.621129
12/09/2022 19:19:41,44.015852,-81.620658
12/09/2022 19:19:44,44.016473,-81.6202
12/09/2022 19:19:47,44.017106,-81.619708
12/09/2022 19:19:50,44.017731,-81.619235
12/09/2022 19:19:53,44.018319,-81.618777
12/09/2022 19:19:56,44.018894,-81.618325
12/09/2022 19:19:59,44.019474,-81.617874
12/09/2022 19:20:02,44.02006,-81.617413
12/09/2022 19:20:05,44.020606,-81.616985
12/09/2022 19:20:08,44.021156,-81.616553
12/09/2022 19:20:11,44.021722,-81.616121
12/09/2022 19:20:14,44.022275,-81.615703
12/09/2022 19:20:17,44.022831,-81.61527
12/09/2022 19:20:20,44.023373,-81.614853
12/09/2022 19:20:23,44.023925,-81.614428
12/09/2022 19:20:26,44.024455,-81.614004
12/09/2022 19:20:29,44.024998,-81.613583
12/09/2022 19:20:32,44.025552,-81.613146
12/09/2022 19:20:35,44.026139,-81.612688
12/09/2022 19:20:38,44.026755,-81.612224
12/09/2022 19:20:42,44.027361,-81.611759
12/09/2022 19:20:45,44.027966,-81.611306
12/09/2022 19:20:48,44.028545,-81.610846
12/09/2022 19:20:51,44.029126,-81.610406
12/09/2022 19:20:54,44.029911,-81.609808
12/09/2022 19:20:57,44.030488,-81.609365
12/09/2022 19:21:00,44.031042,-81.60893
12/09/2022 19:21:03,44.031567,-81.608506
12/09/2022 19:21:06,44.032141,-81.608073
12/09/2022 19:21:09,44.032728,-81.607637
12/09/2022 19:21:12,44.033313,-81.607195
12/09/2022 19:21:15,44.033898,-81.606752
12/09/2022 19:21:18,44.03447,-81.606303
12/09/2022 19:21:21,44.035057,-81.605867
12/09/2022 19:21:24,44.035624,-81.605435
12/09/2022 19:21:27,44.036178,-81.605016
12/09/2022 19:21:30,44.036735,-81.604594
12/09/2022 19:21:33,44.037498,-81.604025
12/09/2022 19:21:36,44.037862,-81.603747
12/09/2022 19:21:39,44.038426,-81.603326
12/09/2022 19:21:42,44.039175,-81.602748
12/09/2022 19:21:45,44.039746,-81.602312
12/09/2022 19:21:48,44.040318,-81.601886
12/09/2022 19:21:51,44.040889,-81.601458
12/09/2022 19:21:54,44.041469,-81.601019
12/09/2022 19:21:57,44.042047,-81.600582
12/09/2022 19:22:00,44.042639,-81.600137
12/09/2022 19:22:03,44.043231,-81.599683
12/09/2022 19:22:06,44.043833,-81.599229
12/09/2022 19:22:09,44.044433,-81.598773
12/09/2022 19:22:12,44.045018,-81.598319
12/09/2022 19:22:15,44.045607,-81.597879
12/09/2022 19:22:18,44.046195,-81.597444
12/09/2022 19:22:21,44.046741,-81.597011
12/09/2022 19:22:24,44.047295,-81.596573
12/09/2022 19:22:27,44.047864,-81.596127
12/09/2022 19:22:30,44.048437,-81.595692
12/09/2022 19:22:33,44.049005,-81.595253
12/09/2022 19:22:36,44.049582,-81.594807
12/09/2022 19:22:39,44.050168,-81.594363
12/09/2022 19:22:42,44.050747,-81.593926
12/09/2022 19:22:45,44.051309,-81.593496
12/09/2022 19:22:48,44.051895,-81.593065
12/09/2022 19:22:51,44.052466,-81.592632
12/09/2022 19:22:54,44.053054,-81.592181
12/09/2022 19:22:57,44.053643,-81.591718
12/09/2022 19:23:00,44.05422,-81.591276
12/09/2022 19:23:03,44.054776,-81.590846
12/09/2022 19:23:06,44.055317,-81.590441
12/09/2022 19:23:09,44.055831,-81.590054
12/09/2022 19:23:13,44.056368,-81.589647
12/09/2022 19:23:16,44.056923,-81.589223
12/09/2022 19:23:19,44.057464,-81.588812
12/09/2022 19:23:22,44.057992,-81.588417
12/09/2022 19:23:25,44.058493,-81.588036
12/09/2022 19:23:28,44.058968,-81.587669
12/09/2022 19:23:31,44.059433,-81.587297
12/09/2022 19:23:34,44.060038,-81.586839
12/09/2022 19:23:37,44.060475,-81.586507
12/09/2022 19:23:40,44.060913,-81.586178
12/09/2022 19:23:43,44.061352,-81.585844
12/09/2022 19:23:46,44.061778,-81.585514
12/09/2022 19:23:49,44.062187,-81.5852
12/09/2022 19:23:52,44.062583,-81.584892
12/09/2022 19:23:55,44.062971,-81.584609
12/09/2022 19:23:58,44.063351,-81.584333
12/09/2022 19:24:01,44.063714,-81.584058
12/09/2022 19:24:04,44.06407,-81.5838
12/09/2022 19:24:07,44.06444,-81.583513
12/09/2022 19:24:10,44.064846,-81.583206
12/09/2022 19:24:13,44.065232,-81.582909
12/09/2022 19:24:16,44.065601,-81.582616
12/09/2022 19:24:19,44.065986,-81.582339
12/09/2022 19:24:22,44.066372,-81.582036
12/09/2022 19:24:25,44.066731,-81.581766
12/09/2022 19:24:28,44.06708,-81.581509
12/09/2022 19:24:31,44.067302,-81.581334
12/09/2022 19:24:34,44.067773,-81.580974
12/09/2022 19:24:37,44.068141,-81.580685
12/09/2022 19:24:40,44.068487,-81.580421
12/09/2022 19:24:43,44.068837,-81.580149
12/09/2022 19:24:46,44.069172,-81.57989
12/09/2022 19:24:49,44.06951,-81.57963
12/09/2022 19:24:52,44.069816,-81.579387
12/09/2022 19:24:55,44.070124,-81.579161
12/09/2022 19:24:59,44.070399,-81.578956
12/09/2022 19:25:02,44.070661,-81.578767
12/09/2022 19:25:05,44.070825,-81.57861
12/09/2022 19:25:08,44.070921,-81.578469
12/09/2022 19:24:52,44.069816,-81.579387
12/09/2022 19:24:55,44.070124,-81.579161
12/09/2022 19:24:59,44.070399,-81.578956
12/09/2022 19:25:02,44.070661,-81.578767
12/09/2022 19:25:05,44.070825,-81.57861
12/09/2022 19:25:08,44.070921,-81.578469
12/09/2022 19:25:11,44.070969,-81.578441
12/09/2022 19:25:14,44.070979,-81.578452
12/09/2022 19:25:17,44.070973,-81.578471
12/09/2022 19:25:20,44.070979,-81.578481
12/09/2022 19:25:23,44.070989,-81.578475
12/09/2022 19:25:26,44.070995,-81.578447
12/09/2022 19:25:29,44.071002,-81.578432
12/09/2022 19:25:32,44.071004,-81.57843
12/09/2022 19:25:35,44.071006,-81.578426
12/09/2022 19:25:38,44.071009,-81.578424
12/09/2022 19:25:41,44.07101,-81.578423
12/09/2022 19:25:44,44.07101,-81.578423
12/09/2022 19:25:29,44.071002,-81.578432
12/09/2022 19:25:32,44.071004,-81.57843
12/09/2022 19:25:35,44.071006,-81.578426
12/09/2022 19:25:38,44.071009,-81.578424
12/09/2022 19:25:41,44.07101,-81.578423
12/09/2022 19:25:44,44.07101,-81.578423
12/09/2022 19:25:29,44.071002,-81.578432
12/09/2022 19:25:32,44.071004,-81.57843
12/09/2022 19:25:35,44.071006,-81.578426
12/09/2022 19:25:38,44.071009,-81.578424
12/09/2022 19:25:41,44.07101,-81.578423
12/09/2022 19:25:44,44.07101,-81.578423
12/09/2022 19:25:47,44.07101,-81.578423
12/09/2022 19:25:50,44.07101,-81.578423
12/09/2022 19:25:53,44.07101,-81.578423
12/09/2022 19:25:56,44.07101,-81.578423
12/09/2022 19:25:59,44.07101,-81.578423
12/09/2022 19:26:02,44.07101,-81.578423
12/09/2022 19:26:05,44.071011,-81.578423
12/09/2022 19:26:08,44.071011,-81.578423
12/09/2022 19:26:11,44.071011,-81.578423
12/09/2022 19:26:14,44.071011,-81.578423
12/09/2022 19:26:17,44.071011,-81.578423
12/09/2022 19:26:20,44.071011,-81.578423
12/09/2022 19:26:23,44.071011,-81.578423
12/09/2022 19:26:26,44.07101,-81.578423
12/09/2022 19:26:29,44.071013,-81.578417
12/09/2022 19:26:32,44.071021,-81.578405
12/09/2022 19:26:35,44.071024,-81.578391
12/09/2022 19:26:38,44.071029,-81.578396
12/09/2022 19:26:41,44.071036,-81.578412
12/09/2022 19:26:44,44.071006,-81.578436
12/09/2022 19:26:48,44.071003,-81.578415
12/09/2022 19:26:51,44.070994,-81.578409
12/09/2022 19:26:54,44.070996,-81.578421
12/09/2022 19:26:57,44.071006,-81.578422
12/09/2022 19:27:00,44.071017,-81.578399
12/09/2022 19:27:03,44.071029,-81.578412
12/09/2022 19:27:06,44.071039,-81.578437
12/09/2022 19:27:09,44.07104,-81.578452
12/09/2022 19:27:12,44.071038,-81.578465
12/09/2022 19:27:15,44.071031,-81.578488
12/09/2022 19:27:18,44.071038,-81.578487
12/09/2022 19:27:21,44.071145,-81.578414
12/09/2022 19:27:24,44.071225,-81.578323
12/09/2022 19:27:27,44.071228,-81.578279
12/09/2022 19:27:30,44.07126,-81.578233
12/09/2022 19:27:33,44.071218,-81.577998
12/09/2022 19:27:36,44.071097,-81.577698
12/09/2022 19:27:39,44.070948,-81.577332
12/09/2022 19:27:42,44.070777,-81.576909
12/09/2022 19:27:45,44.070592,-81.576437
12/09/2022 19:27:48,44.070406,-81.575977
12/09/2022 19:27:51,44.070152,-81.575361
12/09/2022 19:27:54,44.069954,-81.57487
12/09/2022 19:27:57,44.069755,-81.574374
12/09/2022 19:28:00,44.069557,-81.573866
12/09/2022 19:28:03,44.069355,-81.57335
12/09/2022 19:28:06,44.069143,-81.57283
12/09/2022 19:28:09,44.068926,-81.572291
12/09/2022 19:28:12,44.068697,-81.57175
12/09/2022 19:28:15,44.068466,-81.571179
12/09/2022 19:28:18,44.068236,-81.57061
12/09/2022 19:28:21,44.06799,-81.569998
12/09/2022 19:28:24,44.067744,-81.569366
12/09/2022 19:28:28,44.067487,-81.568721
12/09/2022 19:28:31,44.067217,-81.568059
12/09/2022 19:28:34,44.066939,-81.567376
12/09/2022 19:28:37,44.066656,-81.566671
12/09/2022 19:28:40,44.066365,-81.565943
12/09/2022 19:28:43,44.066059,-81.565196
12/09/2022 19:28:46,44.06574,-81.564432
12/09/2022 19:28:49,44.065421,-81.56365
12/09/2022 19:28:52,44.065114,-81.562869
12/09/2022 19:28:55,44.064804,-81.562112
12/09/2022 19:28:58,44.064496,-81.561344
12/09/2022 19:29:01,44.064177,-81.560566
12/09/2022 19:29:04,44.063866,-81.559784
12/09/2022 19:29:07,44.063566,-81.55899
12/09/2022 19:29:10,44.063245,-81.558201
12/09/2022 19:29:13,44.062929,-81.557406
12/09/2022 19:29:16,44.062613,-81.556612
12/09/2022 19:29:19,44.062292,-81.555814
12/09/2022 19:29:22,44.061969,-81.555026
12/09/2022 19:29:25,44.06166,-81.554248
12/09/2022 19:29:28,44.061352,-81.553473
12/09/2022 19:29:31,44.061041,-81.5527
12/09/2022 19:29:34,44.060737,-81.551928
12/09/2022 19:29:37,44.060421,-81.55115
12/09/2022 19:29:40,44.06011,-81.550364
12/09/2022 19:29:43,44.05979,-81.549571
12/09/2022 19:29:46,44.059458,-81.548759
12/09/2022 19:29:49,44.05913,-81.547951
12/09/2022 19:29:52,44.058796,-81.547142
12/09/2022 19:29:55,44.058464,-81.546339
12/09/2022 19:29:58,44.058021,-81.545268
12/09/2022 19:30:01,44.057709,-81.544477
12/09/2022 19:30:04,44.057388,-81.543679
12/09/2022 19:30:07,44.057073,-81.54287
12/09/2022 19:30:10,44.056749,-81.54206
12/09/2022 19:30:13,44.056433,-81.541251
12/09/2022 19:30:16,44.056103,-81.540444
12/09/2022 19:30:19,44.055779,-81.539631
12/09/2022 19:30:22,44.055449,-81.538817
12/09/2022 19:30:25,44.05512,-81.538005
12/09/2022 19:30:28,44.0548,-81.537196
12/09/2022 19:30:31,44.054486,-81.536402
12/09/2022 19:30:35,44.054167,-81.535619
12/09/2022 19:30:38,44.053861,-81.53485
12/09/2022 19:30:41,44.05356,-81.534093
12/09/2022 19:30:44,44.053263,-81.533339
12/09/2022 19:30:47,44.05296,-81.532583
12/09/2022 19:30:50,44.052665,-81.531825
12/09/2022 19:30:53,44.052361,-81.531073
12/09/2022 19:30:56,44.052064,-81.530308
12/09/2022 19:30:59,44.051762,-81.529526
12/09/2022 19:31:02,44.051449,-81.528742
12/09/2022 19:31:05,44.051144,-81.527958
12/09/2022 19:31:08,44.050819,-81.527183
12/09/2022 19:31:11,44.050506,-81.526397
12/09/2022 19:31:14,44.050195,-81.525608
12/09/2022 19:31:17,44.049885,-81.524825
12/09/2022 19:31:20,44.049562,-81.52403
12/09/2022 19:31:23,44.049252,-81.523225
12/09/2022 19:31:26,44.048921,-81.522419
12/09/2022 19:31:29,44.048599,-81.521618
12/09/2022 19:31:32,44.048258,-81.520797
12/09/2022 19:31:35,44.047928,-81.519976
12/09/2022 19:31:38,44.047598,-81.519159
12/09/2022 19:31:41,44.047275,-81.518349
12/09/2022 19:31:44,44.046959,-81.517543
12/09/2022 19:31:47,44.046641,-81.516776
12/09/2022 19:31:50,44.046327,-81.515959
12/09/2022 19:31:53,44.046004,-81.515155
12/09/2022 19:31:56,44.045692,-81.514376
12/09/2022 19:31:59,44.045385,-81.513616
12/09/2022 19:32:02,44.04509,-81.512856
12/09/2022 19:32:05,44.044798,-81.512126
12/09/2022 19:32:08,44.044515,-81.511398
12/09/2022 19:32:11,44.044221,-81.510674
12/09/2022 19:32:14,44.04391,-81.509928
12/09/2022 19:32:17,44.043596,-81.509157
12/09/2022 19:32:20,44.043271,-81.508369
12/09/2022 19:32:23,44.042946,-81.50759
12/09/2022 19:32:26,44.042627,-81.506799
12/09/2022 19:32:29,44.042304,-81.506005
12/09/2022 19:32:32,44.041876,-81.504948
12/09/2022 19:32:35,44.04156,-81.504145
12/09/2022 19:32:38,44.041234,-81.503346
12/09/2022 19:32:41,44.040915,-81.502551
12/09/2022 19:32:45,44.040699,-81.502014
12/09/2022 19:32:47,44.040268,-81.500949
12/09/2022 19:32:50,44.039941,-81.500145
12/09/2022 19:32:54,44.039622,-81.499349
12/09/2022 19:32:57,44.039297,-81.498546
12/09/2022 19:33:00,44.038991,-81.497772
12/09/2022 19:33:03,44.038684,-81.497001
12/09/2022 19:33:06,44.038384,-81.496241
12/09/2022 19:33:09,44.038078,-81.495484
12/09/2022 19:33:12,44.037764,-81.494718
12/09/2022 19:33:15,44.037454,-81.493947
12/09/2022 19:33:18,44.037145,-81.493141
12/09/2022 19:33:21,44.036823,-81.492335
12/09/2022 19:33:24,44.036515,-81.491524
12/09/2022 19:33:27,44.036187,-81.490722
12/09/2022 19:33:30,44.035857,-81.489916
12/09/2022 19:33:33,44.035522,-81.489108
12/09/2022 19:33:36,44.035185,-81.488302
12/09/2022 19:33:39,44.034851,-81.487472
12/09/2022 19:33:42,44.034503,-81.486643
12/09/2022 19:33:45,44.034163,-81.485816
12/09/2022 19:33:48,44.033834,-81.484991
12/09/2022 19:33:51,44.033503,-81.484174
12/09/2022 19:33:54,44.033171,-81.483369
12/09/2022 19:33:57,44.032836,-81.482576
12/09/2022 19:34:00,44.032509,-81.481775
12/09/2022 19:34:03,44.032184,-81.480971
12/09/2022 19:34:06,44.031864,-81.480153
12/09/2022 19:34:09,44.03154,-81.479349
12/09/2022 19:34:12,44.031209,-81.478564
12/09/2022 19:34:15,44.030904,-81.477806
12/09/2022 19:34:18,44.030599,-81.477044
12/09/2022 19:34:21,44.030278,-81.47627
12/09/2022 19:34:24,44.029966,-81.475507
12/09/2022 19:34:27,44.029659,-81.474767
12/09/2022 19:34:30,44.029362,-81.474061
12/09/2022 19:34:33,44.029078,-81.47337
12/09/2022 19:34:36,44.028787,-81.472681
12/09/2022 19:34:39,44.028499,-81.472003
12/09/2022 19:34:42,44.028212,-81.47132
12/09/2022 19:34:45,44.027955,-81.470673
12/09/2022 19:34:48,44.027702,-81.470075
12/09/2022 19:34:51,44.027468,-81.46949
12/09/2022 19:34:55,44.02724,-81.468906
12/09/2022 19:34:58,44.027019,-81.468357
12/09/2022 19:35:01,44.026808,-81.467862
12/09/2022 19:35:04,44.026634,-81.467479
12/09/2022 19:35:07,44.026508,-81.467153
12/09/2022 19:35:10,44.026465,-81.467079
12/09/2022 19:35:13,44.026463,-81.467055
12/09/2022 19:35:16,44.02642,-81.466956
12/09/2022 19:35:19,44.026316,-81.466688
12/09/2022 19:35:22,44.026173,-81.466352
12/09/2022 19:35:25,44.026003,-81.465895
12/09/2022 19:35:28,44.025784,-81.46535
12/09/2022 19:35:31,44.025536,-81.464756
12/09/2022 19:35:34,44.025283,-81.464128
12/09/2022 19:35:37,44.025004,-81.463483
12/09/2022 19:35:40,44.024737,-81.462803
12/09/2022 19:35:43,44.024356,-81.461885
12/09/2022 19:35:46,44.024063,-81.461186
12/09/2022 19:35:49,44.023777,-81.460481
12/09/2022 19:35:52,44.02348,-81.45976
12/09/2022 19:35:55,44.023181,-81.459027
12/09/2022 19:35:58,44.022871,-81.458279
12/09/2022 19:36:01,44.022565,-81.457528
12/09/2022 19:36:04,44.02226,-81.456796
12/09/2022 19:36:07,44.02195,-81.45606
12/09/2022 19:36:10,44.021633,-81.455303
12/09/2022 19:36:13,44.021415,-81.454786
12/09/2022 19:36:16,44.020978,-81.453731
12/09/2022 19:36:19,44.02065,-81.452938
12/09/2022 19:36:22,44.020317,-81.452125
12/09/2022 19:36:25,44.019985,-81.451303
12/09/2022 19:36:28,44.019658,-81.450502
12/09/2022 19:36:31,44.019337,-81.449718
12/09/2022 19:36:34,44.019023,-81.448937
12/09/2022 19:36:37,44.018711,-81.448155
12/09/2022 19:36:40,44.01838,-81.447352
12/09/2022 19:36:43,44.018051,-81.446553
12/09/2022 19:36:46,44.017731,-81.445787
12/09/2022 19:36:50,44.017404,-81.445006
12/09/2022 19:36:52,44.017072,-81.444211
12/09/2022 19:36:55,44.016756,-81.443407
12/09/2022 19:36:58,44.016421,-81.4426
12/09/2022 19:37:02,44.016086,-81.441784
12/09/2022 19:37:05,44.015756,-81.440949
12/09/2022 19:37:08,44.01542,-81.440122
12/09/2022 19:37:11,44.015079,-81.43928
12/09/2022 19:37:14,44.014853,-81.438716
12/09/2022 19:37:17,44.014388,-81.437578
12/09/2022 19:37:20,44.014044,-81.436719
12/09/2022 19:37:23,44.013705,-81.435844
12/09/2022 19:37:26,44.013369,-81.434991
12/09/2022 19:37:29,44.012917,-81.433888
12/09/2022 19:37:32,44.0126,-81.433027
12/09/2022 19:37:35,44.012259,-81.432179
12/09/2022 19:37:38,44.011926,-81.431328
12/09/2022 19:37:41,44.011582,-81.430489
12/09/2022 19:37:44,44.011263,-81.429702
12/09/2022 19:37:47,44.010944,-81.428912
12/09/2022 19:37:50,44.010623,-81.428135
12/09/2022 19:37:53,44.010319,-81.427369
12/09/2022 19:37:56,44.009999,-81.426581
12/09/2022 19:37:59,44.009792,-81.426062
12/09/2022 19:38:02,44.009376,-81.425023
12/09/2022 19:38:05,44.009054,-81.424203
12/09/2022 19:38:08,44.008729,-81.42338
12/09/2022 19:38:11,44.008399,-81.422578
12/09/2022 19:38:14,44.008084,-81.421805
12/09/2022 19:38:17,44.007772,-81.421022
12/09/2022 19:38:20,44.007442,-81.42025
12/09/2022 19:38:23,44.007109,-81.41944
12/09/2022 19:38:26,44.006791,-81.418628
12/09/2022 19:38:11,44.008399,-81.422578
12/09/2022 19:38:14,44.008084,-81.421805
12/09/2022 19:38:17,44.007772,-81.421022
12/09/2022 19:38:20,44.007442,-81.42025
12/09/2022 19:38:23,44.007109,-81.41944
12/09/2022 19:38:26,44.006791,-81.418628
12/09/2022 19:38:29,44.006472,-81.417813
12/09/2022 19:38:32,44.006148,-81.416998
12/09/2022 19:38:35,44.005818,-81.416192
12/09/2022 19:38:38,44.005496,-81.415385
12/09/2022 19:38:41,44.005164,-81.41458
12/09/2022 19:38:44,44.004836,-81.41379
12/09/2022 19:38:47,44.0045,-81.412974
12/09/2022 19:38:50,44.004176,-81.412175
12/09/2022 19:38:53,44.003853,-81.411371
12/09/2022 19:38:56,44.003524,-81.410565
12/09/2022 19:38:59,44.003202,-81.409761
12/09/2022 19:39:02,44.002874,-81.408955
12/09/2022 19:39:05,44.002551,-81.408154
12/09/2022 19:39:08,44.002228,-81.407352
12/09/2022 19:39:11,44.001912,-81.406566
12/09/2022 19:39:15,44.001594,-81.405762
12/09/2022 19:39:17,44.001259,-81.404951
12/09/2022 19:39:20,44.000923,-81.404135
12/09/2022 19:39:23,44.000603,-81.403341
12/09/2022 19:39:27,44.000288,-81.402566
12/09/2022 19:39:30,43.999979,-81.401789
12/09/2022 19:39:33,43.999662,-81.401033
12/09/2022 19:39:36,43.999366,-81.400277
12/09/2022 19:39:39,43.999066,-81.399538
12/09/2022 19:39:42,43.998755,-81.398783
12/09/2022 19:39:45,43.998445,-81.397998
12/09/2022 19:39:48,43.998125,-81.397189
12/09/2022 19:39:51,43.997797,-81.396384
12/09/2022 19:39:54,43.997464,-81.395549
12/09/2022 19:39:57,43.997133,-81.394731
12/09/2022 19:40:00,43.996803,-81.393893
12/09/2022 19:40:03,43.996463,-81.39308
12/09/2022 19:40:06,43.996032,-81.391964
12/09/2022 19:40:09,43.995691,-81.391128
12/09/2022 19:40:12,43.995349,-81.39031
12/09/2022 19:40:15,43.99503,-81.389519
12/09/2022 19:40:18,43.994705,-81.38877
12/09/2022 19:40:21,43.994419,-81.388095
12/09/2022 19:40:24,43.994084,-81.387494
12/09/2022 19:40:27,43.993636,-81.387013
12/09/2022 19:40:30,43.993114,-81.386623
12/09/2022 19:40:33,43.99254,-81.386372
12/09/2022 19:40:36,43.991955,-81.386202
12/09/2022 19:40:39,43.991354,-81.386047
12/09/2022 19:40:42,43.990738,-81.385882
12/09/2022 19:40:45,43.990118,-81.385717
12/09/2022 19:40:48,43.989511,-81.385553
12/09/2022 19:40:51,43.988926,-81.385401
12/09/2022 19:40:54,43.988402,-81.385265
12/09/2022 19:40:57,43.987943,-81.385148
12/09/2022 19:41:00,43.987518,-81.385027
12/09/2022 19:41:03,43.987157,-81.38492
12/09/2022 19:41:06,43.986865,-81.384847
12/09/2022 19:41:09,43.986703,-81.384725
12/09/2022 19:41:12,43.986706,-81.384403
12/09/2022 19:41:15,43.986775,-81.383942
12/09/2022 19:41:18,43.986858,-81.383379
12/09/2022 19:41:21,43.986944,-81.382713
12/09/2022 19:41:25,43.987056,-81.38196
12/09/2022 19:41:27,43.987168,-81.381168
12/09/2022 19:41:31,43.98728,-81.380374
12/09/2022 19:41:34,43.987387,-81.379582
12/09/2022 19:41:37,43.987503,-81.37878
12/09/2022 19:41:40,43.987613,-81.377974
12/09/2022 19:41:43,43.987723,-81.377147
12/09/2022 19:41:46,43.987834,-81.376325
12/09/2022 19:41:49,43.987947,-81.37549
12/09/2022 19:41:52,43.988075,-81.374663
12/09/2022 19:41:55,43.988202,-81.373812
12/09/2022 19:41:58,43.988313,-81.372938
12/09/2022 19:42:01,43.988444,-81.372058
12/09/2022 19:42:04,43.988567,-81.371153
12/09/2022 19:42:07,43.988692,-81.370233
12/09/2022 19:42:10,43.988817,-81.369315
12/09/2022 19:42:13,43.988948,-81.368433
12/09/2022 19:42:16,43.989071,-81.367554
12/09/2022 19:42:19,43.989196,-81.366628
12/09/2022 19:42:22,43.989334,-81.365695
12/09/2022 19:42:25,43.989457,-81.364773
12/09/2022 19:42:28,43.989589,-81.363851
12/09/2022 19:42:31,43.989727,-81.362933
12/09/2022 19:42:34,43.989846,-81.361998
12/09/2022 19:42:37,43.989965,-81.361081
12/09/2022 19:42:40,43.990095,-81.360142
12/09/2022 19:42:43,43.990222,-81.359216
12/09/2022 19:42:46,43.990352,-81.35829
12/09/2022 19:42:49,43.990495,-81.357375
12/09/2022 19:42:52,43.990623,-81.356509
12/09/2022 19:42:55,43.990777,-81.35555
12/09/2022 19:42:58,43.990919,-81.354595
12/09/2022 19:43:01,43.991062,-81.353632
12/09/2022 19:43:04,43.991218,-81.352422
12/09/2022 19:43:07,43.991332,-81.351567
12/09/2022 19:43:10,43.991458,-81.350738
12/09/2022 19:43:13,43.991577,-81.349876
12/09/2022 19:43:16,43.991618,-81.34906
12/09/2022 19:43:19,43.991594,-81.348265
12/09/2022 19:43:22,43.991554,-81.347507
12/09/2022 19:43:25,43.99157,-81.346754
12/09/2022 19:43:28,43.991658,-81.345976
12/09/2022 19:43:31,43.991774,-81.345159
12/09/2022 19:43:34,43.991914,-81.344339
12/09/2022 19:43:37,43.992134,-81.34358
12/09/2022 19:43:40,43.992417,-81.342826
12/09/2022 19:43:43,43.992659,-81.342062
12/09/2022 19:43:46,43.992826,-81.341248
12/09/2022 19:43:49,43.992942,-81.340416
12/09/2022 19:43:53,43.993074,-81.339563
12/09/2022 19:43:56,43.993166,-81.338701
12/09/2022 19:43:59,43.993278,-81.337819
12/09/2022 19:44:02,43.993415,-81.336942
12/09/2022 19:44:05,43.993538,-81.336057
12/09/2022 19:44:08,43.993679,-81.335172
12/09/2022 19:44:11,43.993806,-81.334281
12/09/2022 19:44:14,43.993932,-81.333366
12/09/2022 19:44:17,43.994062,-81.332497
12/09/2022 19:44:20,43.994187,-81.331679
12/09/2022 19:44:23,43.994319,-81.330821
12/09/2022 19:44:26,43.994447,-81.32995
12/09/2022 19:44:29,43.994571,-81.329044
12/09/2022 19:44:32,43.994699,-81.328148
12/09/2022 19:44:35,43.994834,-81.327228
12/09/2022 19:44:38,43.994959,-81.326281
12/09/2022 19:44:41,43.995085,-81.32534
12/09/2022 19:44:44,43.995217,-81.324455
12/09/2022 19:44:47,43.995358,-81.323542
12/09/2022 19:44:50,43.99548,-81.322662
12/09/2022 19:44:53,43.995618,-81.321765
12/09/2022 19:44:56,43.995759,-81.320849
12/09/2022 19:44:59,43.995889,-81.31997
12/09/2022 19:45:02,43.996015,-81.31909
12/09/2022 19:45:05,43.996148,-81.318236
12/09/2022 19:45:08,43.99627,-81.317366
12/09/2022 19:45:11,43.996396,-81.31649
12/09/2022 19:45:14,43.996505,-81.31568
12/09/2022 19:45:17,43.996639,-81.314879
12/09/2022 19:45:20,43.996768,-81.314079
12/09/2022 19:45:23,43.996875,-81.313337
12/09/2022 19:45:26,43.99695,-81.312282
12/09/2022 19:45:29,43.996969,-81.311488
12/09/2022 19:45:32,43.996971,-81.310688
12/09/2022 19:45:35,43.996983,-81.309919
12/09/2022 19:45:38,43.99706,-81.3092
12/09/2022 19:45:41,43.997192,-81.308451
12/09/2022 19:45:45,43.997398,-81.307708
12/09/2022 19:45:47,43.997637,-81.306943
12/09/2022 19:45:51,43.997872,-81.306169
12/09/2022 19:45:54,43.998032,-81.305378
12/09/2022 19:45:57,43.998152,-81.304568
12/09/2022 19:46:00,43.998253,-81.303798
12/09/2022 19:46:03,43.998357,-81.303008
12/09/2022 19:46:06,43.998472,-81.302231
12/09/2022 19:46:09,43.998587,-81.301426
12/09/2022 19:46:12,43.998706,-81.300588
12/09/2022 19:46:15,43.998816,-81.29972
12/09/2022 19:46:18,43.998941,-81.298885
12/09/2022 19:46:21,43.999069,-81.29814
12/09/2022 19:46:24,43.999173,-81.297414
12/09/2022 19:46:27,43.999264,-81.296691
12/09/2022 19:46:30,43.999352,-81.295986
12/09/2022 19:46:33,43.999444,-81.295288
12/09/2022 19:46:36,43.999523,-81.294591
12/09/2022 19:46:39,43.999617,-81.293911
12/09/2022 19:46:42,43.999699,-81.293241
12/09/2022 19:46:45,43.999762,-81.292679
12/09/2022 19:46:48,43.999773,-81.292403
12/09/2022 19:46:51,43.999779,-81.292298
12/09/2022 19:46:54,43.999776,-81.292301
12/09/2022 19:46:57,43.999779,-81.292296
12/09/2022 19:47:00,43.999772,-81.292299
12/09/2022 19:47:03,43.999768,-81.292292
12/09/2022 19:47:06,43.999767,-81.29229
12/09/2022 19:47:09,43.999767,-81.29229
12/09/2022 19:47:12,43.999767,-81.29229
12/09/2022 19:47:15,43.999767,-81.29229
12/09/2022 19:47:18,43.999767,-81.29229
12/09/2022 19:47:21,43.999767,-81.29229
12/09/2022 19:47:24,43.999767,-81.29229
12/09/2022 19:47:27,43.999766,-81.29229
12/09/2022 19:47:30,43.999766,-81.29229
12/09/2022 19:47:33,43.999766,-81.29229
12/09/2022 19:47:36,43.999766,-81.292289
12/09/2022 19:47:39,43.999766,-81.292289
12/09/2022 19:47:42,43.999766,-81.292289
12/09/2022 19:47:45,43.999766,-81.292289
12/09/2022 19:47:48,43.999766,-81.292289
12/09/2022 19:47:52,43.999766,-81.292289
12/09/2022 19:47:55,43.999766,-81.292289
12/09/2022 19:47:58,43.999766,-81.292289
12/09/2022 19:48:01,43.999767,-81.292289
12/09/2022 19:48:04,43.999766,-81.292289
12/09/2022 19:48:07,43.999767,-81.292289
12/09/2022 19:48:10,43.999767,-81.292289
12/09/2022 19:48:13,43.999767,-81.292289
12/09/2022 19:48:16,43.999767,-81.292289
12/09/2022 19:48:19,43.999767,-81.292289
12/09/2022 19:48:22,43.999761,-81.292277
12/09/2022 19:48:25,43.999763,-81.29229
12/09/2022 19:48:28,43.999765,-81.292311
12/09/2022 19:48:31,43.999763,-81.292319
12/09/2022 19:48:34,43.999765,-81.29232
12/09/2022 19:48:37,43.999765,-81.292319
12/09/2022 19:48:40,43.999766,-81.292318
12/09/2022 19:48:43,43.999773,-81.292319
12/09/2022 19:48:46,43.999777,-81.29232
12/09/2022 19:48:49,43.999782,-81.292317
12/09/2022 19:48:52,43.999782,-81.292319
12/09/2022 19:48:55,43.999782,-81.292319
12/09/2022 19:48:58,43.999782,-81.292319
12/09/2022 19:49:01,43.999782,-81.292319
12/09/2022 19:49:04,43.999782,-81.292319
12/09/2022 19:49:07,43.999782,-81.292319
12/09/2022 19:49:10,43.999782,-81.292319
12/09/2022 19:49:13,43.999782,-81.292319
12/09/2022 19:49:16,43.999782,-81.292319
12/09/2022 19:49:19,43.999782,-81.292319
12/09/2022 19:49:22,43.999782,-81.292319
12/09/2022 19:49:25,43.999782,-81.292319
12/09/2022 19:49:28,43.999782,-81.292319
12/09/2022 19:49:31,43.999782,-81.292319
12/09/2022 19:49:35,43.999782,-81.292319
12/09/2022 19:49:37,43.999783,-81.292327
12/09/2022 19:49:41,43.999784,-81.292331
12/09/2022 19:49:44,43.999786,-81.292322
12/09/2022 19:49:47,43.999792,-81.292325
12/09/2022 19:49:50,43.999792,-81.292325
12/09/2022 19:49:53,43.999792,-81.292326
12/09/2022 19:49:56,43.999792,-81.292326
12/09/2022 19:49:59,43.999792,-81.292326
12/09/2022 19:50:02,43.999792,-81.292325
12/09/2022 19:50:05,43.999792,-81.292326
12/09/2022 19:50:08,43.999792,-81.292326
12/09/2022 19:50:11,43.999792,-81.292326
12/09/2022 19:50:14,43.999792,-81.292326
12/09/2022 19:50:17,43.999792,-81.292326
12/09/2022 19:50:20,43.999792,-81.292326
12/09/2022 19:50:23,43.999792,-81.292326
12/09/2022 19:50:26,43.999792,-81.292326
12/09/2022 19:50:29,43.999792,-81.292326
12/09/2022 19:50:32,43.999792,-81.292326
12/09/2022 19:50:35,43.999792,-81.292326
12/09/2022 19:50:38,43.999792,-81.292326
12/09/2022 19:50:41,43.999792,-81.292326
12/09/2022 19:50:44,43.999792,-81.292326
12/09/2022 19:50:47,43.999792,-81.292326
12/09/2022 19:50:50,43.999792,-81.292326
12/09/2022 19:50:53,43.9998,-81.292285
12/09/2022 19:50:56,43.999845,-81.292113
12/09/2022 19:50:59,43.999903,-81.291798
12/09/2022 19:51:02,43.999965,-81.291378
12/09/2022 19:51:05,44.000035,-81.290881
12/09/2022 19:51:08,44.000116,-81.290353
12/09/2022 19:51:11,44.00019,-81.289795
12/09/2022 19:51:14,44.000243,-81.289441
12/09/2022 19:51:17,44.000343,-81.288733
12/09/2022 19:51:20,44.000416,-81.288217
12/09/2022 19:51:23,44.00047,-81.287795
12/09/2022 19:51:26,44.000502,-81.287554
12/09/2022 19:51:29,44.000507,-81.287451
12/09/2022 19:51:32,44.000499,-81.287445
12/09/2022 19:51:35,44.0005,-81.287432
12/09/2022 19:51:38,44.000539,-81.287216
12/09/2022 19:51:41,44.000604,-81.286825
12/09/2022 19:51:45,44.000673,-81.286297
12/09/2022 19:51:48,44.00076,-81.285696
12/09/2022 19:51:52,44.000849,-81.28509
12/09/2022 19:51:54,44.000942,-81.284504
12/09/2022 19:51:57,44.001035,-81.283891
12/09/2022 19:52:00,44.001113,-81.283271
12/09/2022 19:52:03,44.001208,-81.282659
12/09/2022 19:52:06,44.001296,-81.28203
12/09/2022 19:52:09,44.001389,-81.281371
12/09/2022 19:52:12,44.001483,-81.280681
12/09/2022 19:52:15,44.001585,-81.279983
12/09/2022 19:52:18,44.001722,-81.279046
12/09/2022 19:52:21,44.001786,-81.278569
12/09/2022 19:52:24,44.001915,-81.27762
12/09/2022 19:52:27,44.002014,-81.276897
12/09/2022 19:52:30,44.00211,-81.276159
12/09/2022 19:52:33,44.002211,-81.275429
12/09/2022 19:52:36,44.00231,-81.274719
12/09/2022 19:52:39,44.002422,-81.273992
12/09/2022 19:52:42,44.002521,-81.273237
12/09/2022 19:52:45,44.002643,-81.2725
12/09/2022 19:52:48,44.002739,-81.271719
12/09/2022 19:52:51,44.002846,-81.270953
12/09/2022 19:52:54,44.002958,-81.27016
12/09/2022 19:52:57,44.003074,-81.269366
12/09/2022 19:52:42,44.002521,-81.273237
12/09/2022 19:52:45,44.002643,-81.2725
12/09/2022 19:52:48,44.002739,-81.271719
12/09/2022 19:52:51,44.002846,-81.270953
12/09/2022 19:52:54,44.002958,-81.27016
12/09/2022 19:52:57,44.003074,-81.269366
12/09/2022 19:53:00,44.003193,-81.268576
12/09/2022 19:53:03,44.003318,-81.267765
12/09/2022 19:53:06,44.003422,-81.266949
12/09/2022 19:53:09,44.003548,-81.266112
12/09/2022 19:53:12,44.003672,-81.265253
12/09/2022 19:53:15,44.003794,-81.26438
12/09/2022 19:53:18,44.003925,-81.26349
12/09/2022 19:53:21,44.004053,-81.262588
12/09/2022 19:53:24,44.00419,-81.261685
12/09/2022 19:53:27,44.004307,-81.260755
12/09/2022 19:53:30,44.00446,-81.259852
12/09/2022 19:53:33,44.004577,-81.258895
12/09/2022 19:53:36,44.004716,-81.257949
12/09/2022 19:53:39,44.004843,-81.256996
12/09/2022 19:53:42,44.004981,-81.256039
12/09/2022 19:53:45,44.00511,-81.255081
12/09/2022 19:53:48,44.005195,-81.254447
12/09/2022 19:53:51,44.005371,-81.253244
12/09/2022 19:53:55,44.005498,-81.252365
12/09/2022 19:53:58,44.005627,-81.251485
12/09/2022 19:54:01,44.005752,-81.250626
12/09/2022 19:54:04,44.005883,-81.24979
12/09/2022 19:54:07,44.005996,-81.248964
12/09/2022 19:54:10,44.006108,-81.248139
12/09/2022 19:54:13,44.006244,-81.247278
12/09/2022 19:54:16,44.006363,-81.24643
12/09/2022 19:54:19,44.006482,-81.245573
12/09/2022 19:54:22,44.006611,-81.244715
12/09/2022 19:54:25,44.00673,-81.243829
12/09/2022 19:54:28,44.006859,-81.242933
12/09/2022 19:54:31,44.006979,-81.242027
12/09/2022 19:54:34,44.007117,-81.241115
12/09/2022 19:54:37,44.007245,-81.240194
12/09/2022 19:54:40,44.007373,-81.239301
12/09/2022 19:54:43,44.007492,-81.238415
12/09/2022 19:54:46,44.007613,-81.237567
12/09/2022 19:54:49,44.007738,-81.236724
12/09/2022 19:54:52,44.007854,-81.235895
12/09/2022 19:54:55,44.008015,-81.234795
12/09/2022 19:54:58,44.008144,-81.233991
12/09/2022 19:55:01,44.008269,-81.233112
12/09/2022 19:55:04,44.008402,-81.23222
12/09/2022 19:55:07,44.00853,-81.231317
12/09/2022 19:55:10,44.008658,-81.230404
12/09/2022 19:55:13,44.008791,-81.229485
12/09/2022 19:55:16,44.008911,-81.228571
12/09/2022 19:55:19,44.009043,-81.227679
12/09/2022 19:55:22,44.009175,-81.226787
12/09/2022 19:55:25,44.009314,-81.225906
12/09/2022 19:55:28,44.00944,-81.225021
12/09/2022 19:55:31,44.00957,-81.224107
12/09/2022 19:55:35,44.009704,-81.223178
12/09/2022 19:55:37,44.009833,-81.222251
12/09/2022 19:55:40,44.009968,-81.221318
12/09/2022 19:55:43,44.010104,-81.22037
12/09/2022 19:55:47,44.010235,-81.219436
12/09/2022 19:55:50,44.010367,-81.218513
12/09/2022 19:55:53,44.010501,-81.217594
12/09/2022 19:55:56,44.010631,-81.216666
12/09/2022 19:55:59,44.01077,-81.215757
12/09/2022 19:55:43,44.010104,-81.22037
12/09/2022 19:55:47,44.010235,-81.219436
12/09/2022 19:55:50,44.010367,-81.218513
12/09/2022 19:55:53,44.010501,-81.217594
12/09/2022 19:55:56,44.010631,-81.216666
12/09/2022 19:55:59,44.01077,-81.215757
12/09/2022 19:56:02,44.010895,-81.21485
12/09/2022 19:56:05,44.011023,-81.213948
12/09/2022 19:56:08,44.011173,-81.213052
12/09/2022 19:56:11,44.011304,-81.212144
12/09/2022 19:56:14,44.01145,-81.21124
12/09/2022 19:56:17,44.011579,-81.210318
12/09/2022 19:56:02,44.010895,-81.21485
12/09/2022 19:56:05,44.011023,-81.213948
12/09/2022 19:56:08,44.011173,-81.213052
12/09/2022 19:56:11,44.011304,-81.212144
12/09/2022 19:56:14,44.01145,-81.21124
12/09/2022 19:56:17,44.011579,-81.210318
12/09/2022 19:56:20,44.011712,-81.209404
12/09/2022 19:56:23,44.011853,-81.208509
12/09/2022 19:56:26,44.011989,-81.207626
12/09/2022 19:56:29,44.012117,-81.206784
12/09/2022 19:56:32,44.012239,-81.205939
12/09/2022 19:56:35,44.012336,-81.205101
12/09/2022 19:56:38,44.012447,-81.204271
12/09/2022 19:56:41,44.012572,-81.20346
12/09/2022 19:56:44,44.012681,-81.202699
12/09/2022 19:56:47,44.012782,-81.202002
12/09/2022 19:56:50,44.01287,-81.201396
12/09/2022 19:56:53,44.01294,-81.200905
12/09/2022 19:56:56,44.013003,-81.20043
12/09/2022 19:56:59,44.013049,-81.200067
12/09/2022 19:57:02,44.013076,-81.1999
12/09/2022 19:57:05,44.013105,-81.199781
12/09/2022 19:57:08,44.013156,-81.199354
12/09/2022 19:57:11,44.013227,-81.19884
12/09/2022 19:57:14,44.013321,-81.198222
12/09/2022 19:57:17,44.01342,-81.197479
12/09/2022 19:57:20,44.013542,-81.19669
12/09/2022 19:57:23,44.013667,-81.195825
12/09/2022 19:57:26,44.013787,-81.194926
12/09/2022 19:57:29,44.01391,-81.194043
12/09/2022 19:57:32,44.014036,-81.193163
12/09/2022 19:57:35,44.014165,-81.192279
12/09/2022 19:57:39,44.014296,-81.19137
12/09/2022 19:57:42,44.014432,-81.190442
12/09/2022 19:57:45,44.014566,-81.18951
12/09/2022 19:57:48,44.014702,-81.188558
12/09/2022 19:57:51,44.014835,-81.187605
12/09/2022 19:57:54,44.014968,-81.18667
12/09/2022 19:57:57,44.015111,-81.185757
12/09/2022 19:58:00,44.015234,-81.18485
12/09/2022 19:58:03,44.01537,-81.183954
12/09/2022 19:58:06,44.015494,-81.183046
12/09/2022 19:58:09,44.015617,-81.182136
12/09/2022 19:58:12,44.015754,-81.181214
12/09/2022 19:58:15,44.015886,-81.180285
12/09/2022 19:58:18,44.016018,-81.179388
12/09/2022 19:58:21,44.016158,-81.178465
12/09/2022 19:58:24,44.016277,-81.177572
12/09/2022 19:58:27,44.016402,-81.176671
12/09/2022 19:58:30,44.016541,-81.175765
12/09/2022 19:58:33,44.016677,-81.174902
12/09/2022 19:58:36,44.016808,-81.173987
12/09/2022 19:58:39,44.01693,-81.173056
12/09/2022 19:58:42,44.017063,-81.172128
12/09/2022 19:58:45,44.017195,-81.171212
12/09/2022 19:58:48,44.01732,-81.170301
12/09/2022 19:58:51,44.017443,-81.169379
12/09/2022 19:58:54,44.017582,-81.168448
12/09/2022 19:58:57,44.017717,-81.167506
12/09/2022 19:59:00,44.017848,-81.166583
12/09/2022 19:59:03,44.017978,-81.165684
12/09/2022 19:59:06,44.018104,-81.164783
12/09/2022 19:59:09,44.018236,-81.163887
12/09/2022 19:59:12,44.01838,-81.162959
12/09/2022 19:59:15,44.018515,-81.161989
12/09/2022 19:59:18,44.018652,-81.16102
12/09/2022 19:59:03,44.017978,-81.165684
12/09/2022 19:59:06,44.018104,-81.164783
12/09/2022 19:59:09,44.018236,-81.163887
12/09/2022 19:59:12,44.01838,-81.162959
12/09/2022 19:59:15,44.018515,-81.161989
12/09/2022 19:59:18,44.018652,-81.16102
12/09/2022 19:59:21,44.018828,-81.159763
12/09/2022 19:59:24,44.018964,-81.158827
12/09/2022 19:59:27,44.019093,-81.157897
12/09/2022 19:59:30,44.019222,-81.156984
12/09/2022 19:59:33,44.019359,-81.156087
12/09/2022 19:59:36,44.019492,-81.155185
12/09/2022 19:59:39,44.019624,-81.154289
12/09/2022 19:59:42,44.019752,-81.153382
12/09/2022 19:59:45,44.01988,-81.152471
12/09/2022 19:59:48,44.020007,-81.151582
12/09/2022 19:59:51,44.020136,-81.150713
12/09/2022 19:59:55,44.020259,-81.149866
12/09/2022 19:59:58,44.020386,-81.149017
12/09/2022 20:00:01,44.020507,-81.148141
12/09/2022 20:00:04,44.020637,-81.147223
12/09/2022 20:00:07,44.020761,-81.146309
12/09/2022 20:00:10,44.020883,-81.1454
12/09/2022 20:00:13,44.021011,-81.144502
12/09/2022 20:00:16,44.021136,-81.143614
12/09/2022 20:00:19,44.021255,-81.1427
12/09/2022 20:00:22,44.021382,-81.141755
12/09/2022 20:00:25,44.02152,-81.1408
12/09/2022 20:00:28,44.021661,-81.139834
12/09/2022 20:00:31,44.021794,-81.138881
12/09/2022 20:00:34,44.021916,-81.137969
12/09/2022 20:00:37,44.022033,-81.137113
12/09/2022 20:00:40,44.022162,-81.136263
12/09/2022 20:00:43,44.022287,-81.135389
12/09/2022 20:00:46,44.022408,-81.13452
12/09/2022 20:00:49,44.02255,-81.133668
12/09/2022 20:00:52,44.022683,-81.132789
12/09/2022 20:00:55,44.022814,-81.13192
12/09/2022 20:00:58,44.022941,-81.131057
12/09/2022 20:01:01,44.023069,-81.130176
12/09/2022 20:01:04,44.023206,-81.129254
12/09/2022 20:01:07,44.023339,-81.128358
12/09/2022 20:01:10,44.023476,-81.127477
12/09/2022 20:01:13,44.023598,-81.126698
12/09/2022 20:01:16,44.023709,-81.125974
12/09/2022 20:01:19,44.023787,-81.125397
12/09/2022 20:01:22,44.02384,-81.12504
12/09/2022 20:01:25,44.02386,-81.124888
12/09/2022 20:01:28,44.023874,-81.124817
12/09/2022 20:01:31,44.023979,-81.12469
12/09/2022 20:01:34,44.024252,-81.124637
12/09/2022 20:01:37,44.024639,-81.124593
12/09/2022 20:01:40,44.025103,-81.124541
12/09/2022 20:01:43,44.025613,-81.124471
12/09/2022 20:01:46,44.02614,-81.124405
12/09/2022 20:01:49,44.026684,-81.124301
12/09/2022 20:01:52,44.02723,-81.124134
12/09/2022 20:01:55,44.027782,-81.123925
12/09/2022 20:01:58,44.028473,-81.123646
12/09/2022 20:02:01,44.028993,-81.123437
12/09/2022 20:02:05,44.029478,-81.123244
12/09/2022 20:02:08,44.029919,-81.12307
12/09/2022 20:02:11,44.03035,-81.122903
12/09/2022 20:02:14,44.030777,-81.12277
12/09/2022 20:02:17,44.031187,-81.122659
12/09/2022 20:02:20,44.031592,-81.122537
12/09/2022 20:02:23,44.032006,-81.122504
12/09/2022 20:02:26,44.032416,-81.122613
12/09/2022 20:02:29,44.03278,-81.122836
12/09/2022 20:02:32,44.033098,-81.123186
12/09/2022 20:02:35,44.033349,-81.123585
12/09/2022 20:02:38,44.033568,-81.124016
12/09/2022 20:02:41,44.033791,-81.124462
12/09/2022 20:02:44,44.034024,-81.124922
12/09/2022 20:02:47,44.034262,-81.125388
12/09/2022 20:02:50,44.034486,-81.125852
12/09/2022 20:02:53,44.034676,-81.126212
12/09/2022 20:02:56,44.034887,-81.12639
12/09/2022 20:02:59,44.035112,-81.126283
12/09/2022 20:03:02,44.035375,-81.126034
12/09/2022 20:03:05,44.035654,-81.125743
12/09/2022 20:03:08,44.03596,-81.125433
12/09/2022 20:03:11,44.03628,-81.125116
12/09/2022 20:03:14,44.036609,-81.12479
12/09/2022 20:03:17,44.036942,-81.124435
12/09/2022 20:03:20,44.03727,-81.124098
12/09/2022 20:03:23,44.037603,-81.123772
12/09/2022 20:03:26,44.037929,-81.123452
12/09/2022 20:03:29,44.03824,-81.123134
12/09/2022 20:03:32,44.038557,-81.122824
12/09/2022 20:03:35,44.038852,-81.122529
12/09/2022 20:03:38,44.039099,-81.122281
12/09/2022 20:03:41,44.039335,-81.12205
12/09/2022 20:03:44,44.039558,-81.121832
12/09/2022 20:03:47,44.039758,-81.121634
12/09/2022 20:03:50,44.039895,-81.121489
12/09/2022 20:03:53,44.040026,-81.121345
12/09/2022 20:03:56,44.040141,-81.121177
12/09/2022 20:03:59,44.040223,-81.121049
12/09/2022 20:04:02,44.040239,-81.121048
12/09/2022 20:04:05,44.040238,-81.121045
12/09/2022 20:04:08,44.040257,-81.121025
12/09/2022 20:04:12,44.040264,-81.121024
12/09/2022 20:04:15,44.040264,-81.121025
12/09/2022 20:04:18,44.040262,-81.121028
12/09/2022 20:04:21,44.040262,-81.121027
12/09/2022 20:04:24,44.040262,-81.121027
12/09/2022 20:04:27,44.040262,-81.121027
12/09/2022 20:04:30,44.040262,-81.121027
12/09/2022 20:04:33,44.040262,-81.121027
12/09/2022 20:04:36,44.040262,-81.121027
12/09/2022 20:04:39,44.040262,-81.121027
12/09/2022 20:04:42,44.040262,-81.121027
12/09/2022 20:04:45,44.040262,-81.121027
12/09/2022 20:04:48,44.040262,-81.121027
12/09/2022 20:04:51,44.040262,-81.121027
12/09/2022 20:04:54,44.040263,-81.121027
12/09/2022 20:04:57,44.040263,-81.121027
12/09/2022 20:05:00,44.040262,-81.121027
12/09/2022 20:05:03,44.040262,-81.121027
12/09/2022 20:05:06,44.040262,-81.121027
12/09/2022 20:05:09,44.040262,-81.121027
12/09/2022 20:05:12,44.040262,-81.121027
12/09/2022 20:05:15,44.040262,-81.121027
12/09/2022 20:05:18,44.040262,-81.121027
12/09/2022 20:05:21,44.040262,-81.121027
12/09/2022 20:05:24,44.040262,-81.121027
12/09/2022 20:05:27,44.040262,-81.121027
12/09/2022 20:05:30,44.040262,-81.121027
12/09/2022 20:05:33,44.040262,-81.121027
12/09/2022 20:05:36,44.040262,-81.121027
12/09/2022 20:05:39,44.040313,-81.121013
12/09/2022 20:05:42,44.040444,-81.120908
12/09/2022 20:05:45,44.040635,-81.120723
12/09/2022 20:05:48,44.040873,-81.120478
12/09/2022 20:05:51,44.041133,-81.120212
12/09/2022 20:05:54,44.041395,-81.119952
12/09/2022 20:05:57,44.041613,-81.11972
12/09/2022 20:06:00,44.041776,-81.119566
12/09/2022 20:06:03,44.041857,-81.119492
12/09/2022 20:06:06,44.041895,-81.119456
12/09/2022 20:06:09,44.041922,-81.119438
12/09/2022 20:06:13,44.041977,-81.119388
12/09/2022 20:06:16,44.042069,-81.119285
12/09/2022 20:06:19,44.042214,-81.119137
12/09/2022 20:06:22,44.04236,-81.119098
12/09/2022 20:06:25,44.042483,-81.119267
12/09/2022 20:06:28,44.042612,-81.119558
12/09/2022 20:06:31,44.042791,-81.119883
12/09/2022 20:06:34,44.04299,-81.12024
12/09/2022 20:06:37,44.043222,-81.120655
12/09/2022 20:06:40,44.043447,-81.121083
12/09/2022 20:06:43,44.043776,-81.121662
12/09/2022 20:06:46,44.04405,-81.122133
12/09/2022 20:06:49,44.044386,-81.122554
12/09/2022 20:06:52,44.044786,-81.122939
12/09/2022 20:06:55,44.045248,-81.123245
12/09/2022 20:06:58,44.045783,-81.123508
12/09/2022 20:07:01,44.04633,-81.123785
12/09/2022 20:07:04,44.046899,-81.124126
12/09/2022 20:07:07,44.047463,-81.124537
12/09/2022 20:07:10,44.047995,-81.125055
12/09/2022 20:07:13,44.048522,-81.125602
12/09/2022 20:07:16,44.049083,-81.126164
12/09/2022 20:07:19,44.049642,-81.126724
12/09/2022 20:07:22,44.050213,-81.127315
12/09/2022 20:07:25,44.050793,-81.127919
12/09/2022 20:07:28,44.051353,-81.12851
12/09/2022 20:07:31,44.0519,-81.129077
12/09/2022 20:07:34,44.052454,-81.129624
12/09/2022 20:07:37,44.052812,-81.129981
12/09/2022 20:07:40,44.053523,-81.130709
12/09/2022 20:07:43,44.05405,-81.131243
12/09/2022 20:07:46,44.05457,-81.131762
12/09/2022 20:07:49,44.055089,-81.132255
12/09/2022 20:07:52,44.055619,-81.13271
12/09/2022 20:07:55,44.055996,-81.132981
12/09/2022 20:07:58,44.056777,-81.13344
12/09/2022 20:08:01,44.057357,-81.133758
12/09/2022 20:08:05,44.057932,-81.134073
12/09/2022 20:08:07,44.058484,-81.134399
12/09/2022 20:08:10,44.059043,-81.134712
12/09/2022 20:08:13,44.059612,-81.13504
12/09/2022 20:08:16,44.060191,-81.135374
12/09/2022 20:08:19,44.060772,-81.135701
12/09/2022 20:08:23,44.061353,-81.136008
12/09/2022 20:08:26,44.061735,-81.136192
12/09/2022 20:08:29,44.062552,-81.136466
12/09/2022 20:08:32,44.063177,-81.136587
12/09/2022 20:08:35,44.063835,-81.136659
12/09/2022 20:08:38,44.064493,-81.136664
12/09/2022 20:08:41,44.06514,-81.136659
12/09/2022 20:08:44,44.065794,-81.136644
12/09/2022 20:08:47,44.066437,-81.136636
12/09/2022 20:08:50,44.067105,-81.136613
12/09/2022 20:08:53,44.067763,-81.136587
12/09/2022 20:08:56,44.068426,-81.136568
12/09/2022 20:08:59,44.069103,-81.136535
12/09/2022 20:08:44,44.065794,-81.136644
12/09/2022 20:08:47,44.066437,-81.136636
12/09/2022 20:08:50,44.067105,-81.136613
12/09/2022 20:08:53,44.067763,-81.136587
12/09/2022 20:08:56,44.068426,-81.136568
12/09/2022 20:08:59,44.069103,-81.136535
12/09/2022 20:09:02,44.069798,-81.136518
12/09/2022 20:09:05,44.07046,-81.13658
12/09/2022 20:09:08,44.071133,-81.13671
12/09/2022 20:09:11,44.071789,-81.136888
12/09/2022 20:09:14,44.072448,-81.137053
12/09/2022 20:09:17,44.073078,-81.137228
12/09/2022 20:09:20,44.073696,-81.137403
12/09/2022 20:09:23,44.07451,-81.137639
12/09/2022 20:09:26,44.075114,-81.137808
12/09/2022 20:09:29,44.075718,-81.137954
12/09/2022 20:09:32,44.076335,-81.138125
12/09/2022 20:09:35,44.076703,-81.138233
12/09/2022 20:09:38,44.077275,-81.138385
12/09/2022 20:09:41,44.077668,-81.138507
12/09/2022 20:09:44,44.078122,-81.138632
12/09/2022 20:09:47,44.078634,-81.13876
12/09/2022 20:09:50,44.079213,-81.138923
12/09/2022 20:09:53,44.079831,-81.139088
12/09/2022 20:09:56,44.080476,-81.139272
12/09/2022 20:09:59,44.08112,-81.139442
12/09/2022 20:10:02,44.081786,-81.139626
12/09/2022 20:10:05,44.082236,-81.139758
12/09/2022 20:10:08,44.08313,-81.140011
12/09/2022 20:10:11,44.083796,-81.140182
12/09/2022 20:10:14,44.084454,-81.14038
12/09/2022 20:10:17,44.085115,-81.140581
12/09/2022 20:10:20,44.085773,-81.140768
12/09/2022 20:10:23,44.086413,-81.140963
12/09/2022 20:10:26,44.087067,-81.141138
12/09/2022 20:10:29,44.087708,-81.141305
12/09/2022 20:10:32,44.088315,-81.14145
12/09/2022 20:10:35,44.088718,-81.141564
12/09/2022 20:10:38,44.089511,-81.141794
12/09/2022 20:10:42,44.090076,-81.141948
12/09/2022 20:10:45,44.090613,-81.142095
12/09/2022 20:10:48,44.091145,-81.142236
12/09/2022 20:10:51,44.091672,-81.14238
12/09/2022 20:10:54,44.092196,-81.142536
12/09/2022 20:10:57,44.092738,-81.142697
12/09/2022 20:11:00,44.093298,-81.142855
12/09/2022 20:11:03,44.093818,-81.142985
12/09/2022 20:11:06,44.0943,-81.143102
12/09/2022 20:10:51,44.091672,-81.14238
12/09/2022 20:10:54,44.092196,-81.142536
12/09/2022 20:10:57,44.092738,-81.142697
12/09/2022 20:11:00,44.093298,-81.142855
12/09/2022 20:11:03,44.093818,-81.142985
12/09/2022 20:11:06,44.0943,-81.143102
12/09/2022 20:11:09,44.094745,-81.143227
12/09/2022 20:11:12,44.095173,-81.143344
12/09/2022 20:11:15,44.095623,-81.143464
12/09/2022 20:11:18,44.096104,-81.143591
12/09/2022 20:11:21,44.096611,-81.143738
12/09/2022 20:11:24,44.09713,-81.143874
12/09/2022 20:11:27,44.097698,-81.144028
12/09/2022 20:11:30,44.098267,-81.144181
12/09/2022 20:11:33,44.098831,-81.144316
12/09/2022 20:11:36,44.09939,-81.144456
12/09/2022 20:11:39,44.099939,-81.144605
12/09/2022 20:11:42,44.100524,-81.144754
12/09/2022 20:11:45,44.101115,-81.144909
12/09/2022 20:11:48,44.101863,-81.145111
12/09/2022 20:11:51,44.102359,-81.145234
12/09/2022 20:11:54,44.102839,-81.14537
12/09/2022 20:11:57,44.103327,-81.145495
12/09/2022 20:12:00,44.103816,-81.145645
12/09/2022 20:12:03,44.104327,-81.145767
12/09/2022 20:12:06,44.104857,-81.145906
12/09/2022 20:12:09,44.105394,-81.146052
12/09/2022 20:12:12,44.10592,-81.146193
12/09/2022 20:12:15,44.106279,-81.14629
12/09/2022 20:12:18,44.107031,-81.146489
12/09/2022 20:12:21,44.107596,-81.146643
12/09/2022 20:12:25,44.108147,-81.146805
12/09/2022 20:12:27,44.108669,-81.146951
12/09/2022 20:12:30,44.10917,-81.147073
12/09/2022 20:12:34,44.10966,-81.14721
12/09/2022 20:12:37,44.110125,-81.147327
12/09/2022 20:12:40,44.110567,-81.147451
12/09/2022 20:12:43,44.111014,-81.147581
12/09/2022 20:12:46,44.111301,-81.14764
12/09/2022 20:12:49,44.111895,-81.147794
12/09/2022 20:12:52,44.11233,-81.14792
12/09/2022 20:12:55,44.112754,-81.148037
12/09/2022 20:12:58,44.113145,-81.148147
12/09/2022 20:13:01,44.113505,-81.148254
12/09/2022 20:13:04,44.113874,-81.148335
12/09/2022 20:13:07,44.114286,-81.148439
12/09/2022 20:13:10,44.114721,-81.148526
12/09/2022 20:13:13,44.115142,-81.148653
12/09/2022 20:13:16,44.115563,-81.148752
12/09/2022 20:13:19,44.115983,-81.148864
12/09/2022 20:13:22,44.116427,-81.148984
12/09/2022 20:13:25,44.116872,-81.149096
12/09/2022 20:13:28,44.117303,-81.149227
12/09/2022 20:13:31,44.117742,-81.149355
12/09/2022 20:13:34,44.118172,-81.149477
12/09/2022 20:13:37,44.118588,-81.149577
12/09/2022 20:13:40,44.11899,-81.14967
12/09/2022 20:13:43,44.119395,-81.149772
12/09/2022 20:13:46,44.119791,-81.149878
12/09/2022 20:13:49,44.120121,-81.149989
12/09/2022 20:13:52,44.120327,-81.150043
12/09/2022 20:13:55,44.120404,-81.150046
12/09/2022 20:13:58,44.120434,-81.150051
12/09/2022 20:14:01,44.120497,-81.150118
12/09/2022 20:14:04,44.120511,-81.150367
12/09/2022 20:14:07,44.120441,-81.150768
12/09/2022 20:14:10,44.120386,-81.151159
12/09/2022 20:14:13,44.120495,-81.151388
12/09/2022 20:14:16,44.120747,-81.15145
12/09/2022 20:14:19,44.120941,-81.151565
12/09/2022 20:14:22,44.120959,-81.151815
12/09/2022 20:14:25,44.120837,-81.152053
12/09/2022 20:14:28,44.120595,-81.152298
12/09/2022 20:14:31,44.12042,-81.152359
12/09/2022 20:14:34,44.120244,-81.152355
12/09/2022 20:14:37,44.120121,-81.152427
12/09/2022 20:14:40,44.120015,-81.152559
12/09/2022 20:14:43,44.119916,-81.152621
12/09/2022 20:14:46,44.119849,-81.152547
12/09/2022 20:14:49,44.119846,-81.152524
12/09/2022 20:14:52,44.11985,-81.152523
12/09/2022 20:14:56,44.119847,-81.152521
12/09/2022 20:14:58,44.119846,-81.152537
12/09/2022 20:15:02,44.119845,-81.152539
12/09/2022 20:15:05,44.119845,-81.152538
12/09/2022 20:15:08,44.119845,-81.152538
12/09/2022 20:15:11,44.119845,-81.152538
12/09/2022 20:15:14,44.119845,-81.152538
12/09/2022 20:15:17,44.119844,-81.152538
12/09/2022 20:15:20,44.119844,-81.152537
